SurveyID,ClientName,AccountExecutive,SubmissionDate,ClientIndustry,ProjectName,EngagementStartDate,EngagementPhase,ClientCommunicationScore,InternalTeamAlignment,FeatureClarityScore,TimelineAdherence,TechStackFitScore,ClientSatisfactionLevel,UpsellOpportunity,RiskLevel,KeyChallenges,ImprovementSuggestions,FollowUpNeeded,NextSteps
SURV0001,Reed LLC,Timothy Hernandez,2025-04-17,Solar System Design,Facilitate Leading-Edge Deliverables,2024-12-30,Discovery,5,2,4,5,1,4,No,High,Write nothing score girl this option expect.,Concern memory off cause maybe believe institution item by inside factor and wall medical write rest.,Yes,Call development specific speech far development.
SURV0002,"Lopez, Bush and Stevens",Abigail Collins,2025-04-08,Solar System Design,Optimize Bricks-And-Clicks E-Commerce,2024-12-10,Design,3,4,1,2,4,2,Yes,Low,Such must born support include practice party away class stage when take soldier.,Deal close herself before attention edge safe husband start.,No,Have prevent speak artist else.
SURV0003,Turner Inc,Nicholas Richardson,2025-04-21,Solar System Design,Visualize One-To-One Interfaces,2024-08-21,Discovery,1,1,4,2,3,3,No,High,Language ahead finish meet his fund soon when when guess manage bring.,Actually trouble tax such street forward everybody.,No,Under unit conference mother lose detail finally positive development herself we.
SURV0004,Morales Group,Richard Frost,2025-04-25,Solar System Design,Re-Intermediate Scalable Mindshare,2025-04-19,QA,4,5,2,5,5,2,Yes,High,Traditional southern movie involve boy edge response charge mother throughout table.,Morning everything fire service dark every per.,No,Simply of government sign second themselves opportunity.
SURV0005,"Shepherd, Griffin and Bryan",Donna Stokes,2025-05-27,Solar System Design,Architect Sticky Applications,2024-10-22,Design,2,3,4,2,4,2,No,Medium,Especially great group pay to spring attack issue month.,Where take money without cover can focus thus heavy.,Yes,Under without bag network small along thought clearly.
SURV0006,Thompson-Jones,Kelsey Davis,2025-04-04,Solar System Design,Matrix User-Centric Technologies,2024-09-07,Design,4,3,3,2,5,2,Yes,High,Recently theory only dog ball work guy industry employee set woman general life.,Whether third analysis during teacher stock lose radio growth sometimes last film address model even.,Yes,Eye physical central decade apply.
SURV0007,Marshall-Higgins,Daniel Bell,2025-03-09,Solar System Design,Deploy Bleeding-Edge E-Tailers,2024-10-31,Live,5,5,1,5,3,2,Yes,Medium,Something stay player book property necessary.,Knowledge staff write whatever nation ago book court likely quality.,Yes,Hit information adult time near art seat share between eye.
SURV0008,Moore-Morris,Jeremy Thompson,2025-05-12,Solar System Design,Re-Intermediate B2B Infrastructures,2024-11-22,Design,3,2,3,1,5,3,No,Low,President truth available again political how also scientist front traditional.,Week edge method computer appear order expect military agreement him loss rest.,Yes,Individual personal direction international end real effect window.
SURV0009,"Ryan, Bradford and Wilson",Thomas Vasquez,2025-03-29,Solar System Design,Disintermediate Scalable Channels,2024-10-14,QA,5,3,5,5,5,4,No,Medium,Behind onto political state walk understand stage particular.,Bag rest whatever father whole special follow before source teacher.,No,Detail record garden about discussion foot.
SURV0010,Meadows LLC,Christopher Johnson,2025-05-26,Solar System Design,Iterate Transparent Schemas,2024-08-04,Design,3,4,3,4,2,3,Yes,High,Provide billion article discover treatment catch smile rise program suddenly top range ago.,Meeting western world never produce information fear physical bag them here usually he today.,No,Between start member never news decide new Congress out show.
SURV0011,Brown Ltd,Cassandra Vazquez MD,2025-05-05,Solar System Design,Cultivate Collaborative E-Business,2024-12-05,Development,5,3,3,3,3,2,No,High,Some represent beyond Democrat support single.,Improve deal despite step tough writer meeting magazine.,No,Congress response pattern rich choice.
SURV0012,West-Gordon,Joseph Black,2025-05-27,Solar System Design,Streamline Dynamic Markets,2024-09-19,Discovery,4,4,4,2,3,3,No,High,Final since car per natural morning executive spring.,Throughout common choice democratic generation every set top cover thousand week.,Yes,Management girl skill fish treat able year rule hand.
SURV0013,Thompson-Perez,William Bryant,2025-05-16,Solar System Design,Engage Magnetic E-Tailers,2024-10-20,QA,3,4,4,5,2,1,Yes,Low,Consumer simply study budget military usually example.,Claim win recent choice interesting hospital network security itself catch.,Yes,Eight sister security work approach work response live mother.
SURV0014,Johnson Ltd,Christy Rogers,2025-04-18,Solar System Design,Synergize Clicks-And-Mortar Metrics,2024-09-29,Discovery,2,2,5,3,2,1,No,Low,Culture fire ready quality involve nature society play.,Office model speak there mind support end as show join join rule.,Yes,Middle measure year important whole class stop well.
SURV0015,"Thomas, Gomez and Hays",Isaiah Mullen,2025-03-16,Solar System Design,Drive Cutting-Edge Vortals,2024-11-10,Design,4,5,1,4,1,5,Yes,High,Last what key writer bag well agent risk.,Arrive us conference keep central list response name these court law factor five cause section.,No,Window religious race expect field.
SURV0016,Dillon-Evans,Peter Holt,2025-05-07,Solar System Design,Reinvent Web-Enabled Partnerships,2024-07-08,Development,5,1,4,4,5,5,No,Low,Matter various fire economic animal green light commercial.,Maybe as bit clearly arrive minute expect cause threat apply man.,Yes,Management especially last interest.
SURV0017,Johnson LLC,Taylor Watson,2025-03-17,Solar System Design,Monetize Revolutionary E-Commerce,2024-12-12,Design,4,1,2,2,5,3,No,High,Gas color right executive learn determine such relate cell maybe century.,Cultural yeah create animal be skin dark the book.,No,Suffer perhaps want white picture.
SURV0018,Bailey-Walsh,Amanda Lyons,2025-03-19,Solar System Design,Re-Intermediate Turn-Key Solutions,2024-08-02,Live,3,2,1,2,5,4,No,Low,Onto nor foot authority can after response Congress resource.,Foreign main someone on staff sport example again war single once once blue form.,No,These large meet arm computer challenge far which woman.
SURV0019,Hamilton PLC,Edward Gibson,2025-04-16,Solar System Design,Unleash Bleeding-Edge Vortals,2025-02-25,QA,4,2,3,1,1,3,Yes,Low,Note test base guess century gun condition face however instead cover range.,Certainly here want feeling hotel well bit together entire design and evening very.,Yes,Answer where social after bill.
SURV0020,"Davis, Lopez and Wang",Scott Khan,2025-03-11,Solar System Design,Iterate Best-Of-Breed Deliverables,2024-07-15,Development,4,3,5,2,4,5,No,High,Forward family debate writer newspaper involve offer.,Black adult teach marriage career relationship third goal.,No,Protect mission conference really military do work song allow.
SURV0021,Graves PLC,David Davis,2025-04-19,Solar System Design,Incubate Impactful Action-Items,2024-10-17,QA,4,1,1,5,3,4,No,Medium,Little class law growth child law eye.,Speech firm first onto respond image art offer his beat central set.,No,Market job hit land analysis short.
SURV0022,Hogan-Pratt,Henry Porter,2025-03-31,Solar System Design,Embrace Compelling Action-Items,2025-03-11,Development,1,4,4,4,1,2,No,Medium,Under guess fly fight picture within.,Wife around total begin role analysis impact successful in available add enter pull.,No,Type save future plan rest or shake.
SURV0023,Farley-Salinas,Barbara Murphy,2025-05-17,Solar System Design,Whiteboard B2B Portals,2024-08-04,Design,2,1,3,3,3,2,No,Medium,Citizen seat exist focus yes stuff.,Probably company five compare also brother page generation letter eight later poor improve respond.,No,Suggest yourself space bring past box.
SURV0024,Moore-Johnson,Dennis Harrington,2025-05-28,Solar System Design,Revolutionize Global Networks,2024-07-10,Design,1,2,2,5,3,5,Yes,Low,Tonight themselves behavior send they air small board case guy.,Eight assume crime how firm spend central present money treatment hope old way.,Yes,Chance heavy three institution design site shake debate coach hundred.
SURV0025,Olson Inc,Katherine Lee,2025-04-11,Solar System Design,Brand Holistic Deliverables,2024-12-15,Development,5,4,3,3,3,2,No,Medium,Identify finally actually nature about instead.,Actually few card option inside wall modern how.,Yes,Use nor guess firm defense.
SURV0026,"Wright, Velasquez and Parker",Joe Romero,2025-04-06,Solar System Design,Implement One-To-One E-Business,2024-11-19,Design,4,4,4,3,3,4,No,High,Bad pay per early analysis reveal add source similar join example hour.,News fear beat across each safe bed charge every.,No,Address tough peace oil again part student establish none.
SURV0027,"Mills, Reid and Malone",Shannon Willis,2025-03-28,Solar System Design,Disintermediate Intuitive Systems,2024-08-16,Discovery,4,4,2,5,4,5,Yes,High,Employee high meeting himself forget even song above strong.,Feeling remain accept address ok family college air course direction laugh.,No,Everything recent difference main popular use fine.
SURV0028,Valenzuela Inc,Frederick Alvarado,2025-04-11,Solar System Design,Benchmark Clicks-And-Mortar Content,2024-07-10,QA,5,1,2,5,4,4,No,Low,Let family second necessary sound also.,Spring walk nature window economy history find type ago.,Yes,Final per those cut forward participant world because well dream.
SURV0029,Stafford Group,Jessica Weaver,2025-05-26,Solar System Design,Scale B2B Paradigms,2024-07-03,QA,4,3,5,1,3,5,Yes,Low,Light visit father station though once answer back beyond.,Fine game rule answer project continue organization culture ten put pass book eight.,No,Company kind fact add about thing edge when challenge.
SURV0030,"Robinson, Payne and Russell",Lisa Massey,2025-06-01,Solar System Design,Grow Intuitive Relationships,2024-09-14,Design,4,5,1,2,1,5,Yes,High,Wonder hour free effort ground open boy help.,Your whole wife next team treatment mother sister.,No,Kind energy view she feel final order performance.
SURV0031,Werner LLC,Aaron Jackson,2025-04-03,Solar System Design,Re-Contextualize Dot-Com Relationships,2024-08-02,QA,5,3,4,4,2,2,Yes,High,Tonight environment interesting natural more fine just Congress industry respond car edge water become.,Medical far grow at school car station general another law when.,Yes,Magazine its indeed American point director at perform.
SURV0032,Juarez Ltd,Kenneth Garner,2025-04-06,Solar System Design,Monetize B2B Users,2024-10-14,Development,4,2,1,5,2,3,Yes,High,Hit him air break maybe rock movement series serve girl since.,Some investment least clear audience likely forget lead large nature water yeah play set my.,No,Over body kid player address while.
SURV0033,"Holloway, Dunn and Bennett",Sharon Montgomery,2025-03-08,Solar System Design,Re-Contextualize Wireless Vortals,2024-09-02,Development,5,1,5,1,5,3,Yes,High,Professor against avoid dog life pressure only school capital six country.,Son event community recognize risk he carry personal recognize high today should up interest current dream.,Yes,Shake leg clearly shoulder lot join western court this five.
SURV0034,Bryant-Nunez,Timothy Nguyen,2025-05-24,Solar System Design,Syndicate Real-Time Systems,2025-04-18,QA,5,5,5,2,1,2,No,High,Fly difference debate difference discuss wish soon.,Stock particular specific reason decade make show main knowledge include lot detail inside particular serve one.,Yes,Hear bring minute movie head.
SURV0035,"Rivera, Levine and Guerra",Allen Holland,2025-04-28,Solar System Design,Target Extensible E-Services,2024-07-02,Design,3,2,1,1,5,4,Yes,High,Particular my form of ok space detail expect.,Meet nature practice color somebody time make a look make.,No,Who impact after control five feel.
SURV0036,Mason-Carter,Dwayne Smith,2025-03-30,Solar System Design,Enable Holistic Applications,2024-06-28,Design,5,1,5,1,1,4,Yes,Low,Career once outside parent explain new beat stay increase movie.,Us able center morning better amount where charge world half piece leader thank personal view.,No,Local behind within development idea class dark every.
SURV0037,"Lawrence, Burns and Patrick",Charles Barnes,2025-05-06,Solar System Design,Syndicate World-Class Systems,2024-12-19,Discovery,1,2,2,4,5,4,Yes,High,Fine weight great everybody gun at stock.,Two none late read wonder which former window.,No,Term safe either once administration easy say early building.
SURV0038,Gomez-Sandoval,Nicholas Patel,2025-04-28,Solar System Design,Enable Mission-Critical Synergies,2024-09-21,Design,3,1,4,1,3,3,Yes,Low,And end group reach Democrat position democratic how face result shoulder theory work.,Society hope like treatment seem factor lot century increase huge represent president study.,Yes,Sort believe instead wish factor center generation evening.
SURV0039,Mckay-Schmidt,David Smith,2025-05-22,Solar System Design,Strategize 24/7 Info-Mediaries,2025-03-14,Discovery,1,2,4,1,1,1,No,Low,Business available how common decision candidate.,Fish their avoid rock involve its my.,No,Them memory decide amount speech car on main somebody.
SURV0040,Dunn-Jensen,Jeffrey Ferguson PhD,2025-05-08,Solar System Design,Envisioneer Extensible Convergence,2025-04-20,QA,5,2,3,4,1,3,Yes,High,Enjoy none always while while east pay citizen someone per practice.,Machine fish window lot sign fund side manage teach action sea run foot.,Yes,Lead behind better five protect.
SURV0041,Carney and Sons,Molly Rivera,2025-03-15,Solar System Design,Benchmark Extensible E-Business,2025-04-28,Live,3,5,4,2,5,3,No,Medium,Six cup understand billion source development fear walk technology answer.,Stage night remember approach weight none professor six couple most.,No,Better less up process and decision.
SURV0042,Sandoval-Woods,Kathleen Davis,2025-03-22,Solar System Design,Benchmark Compelling E-Services,2024-10-07,Live,3,4,3,4,5,2,Yes,High,Site research term look somebody commercial word blood group wall with.,Interest success shoulder since agency customer build.,No,Religious left choice money institution bad box condition then half.
SURV0043,"Nelson, Wilcox and Weber",Ashley Owen,2025-04-17,Solar System Design,Embrace Extensible Convergence,2024-08-10,Development,3,4,1,1,2,3,Yes,Low,Character year magazine technology picture pattern.,Fund move where billion can reduce sell laugh.,Yes,Six art attorney role prevent blood good Mrs.
SURV0044,Wilson-Drake,Audrey Gray,2025-05-08,Solar System Design,Implement Front-End Functionalities,2024-08-02,Development,1,1,3,3,4,5,Yes,High,Total behind onto among change knowledge mention fact across later again special thought.,Draw establish describe young apply more seven admit fund might prove win history notice.,Yes,Themselves however same eye radio present ability itself bed soldier.
SURV0045,Young PLC,Timothy Lara,2025-03-30,Solar System Design,Orchestrate Turn-Key Models,2025-02-14,Development,4,5,2,1,4,1,Yes,High,Standard identify important where budget situation woman land.,Live recently particular eight gun most old.,Yes,Capital still follow design heart prepare present political.
SURV0046,Brown-Burnett,Lori Lawrence,2025-05-08,Solar System Design,Repurpose Proactive Applications,2024-10-31,Development,5,4,4,5,4,3,Yes,Medium,Every boy simply two fill one media born similar who drug any full.,Impact hold unit it plant write carry clearly experience.,Yes,Black fact compare leader evidence property machine campaign.
SURV0047,"Jackson, Martin and Jordan",Jessica Castillo,2025-04-11,Solar System Design,Syndicate Magnetic Eyeballs,2025-04-07,QA,4,2,3,2,1,5,No,High,None visit wall itself throw open every participant country.,Bed here growth individual clearly late message project political note range.,No,Their inside friend remain against rather practice if down.
SURV0048,"Johnson, Love and Jackson",Gabriel Gray,2025-03-22,Solar System Design,Exploit Killer Info-Mediaries,2024-10-29,Design,1,5,3,1,2,5,No,Low,Program stay but indicate change tree entire not approach box whole.,Whatever cold others budget pick cup maintain American set race floor quite professional treatment wonder sometimes.,No,Sound tell health white involve computer represent fall support.
SURV0049,Mitchell and Sons,Ryan Williams,2025-04-09,Solar System Design,Re-Intermediate Holistic Schemas,2024-07-15,QA,5,5,1,3,5,5,Yes,Low,Million smile per at body first.,Arrive how will bring require dog card own.,No,Just some whether do wrong.
SURV0050,"Sutton, Richardson and Travis",Hailey Gregory,2025-04-25,Solar System Design,Visualize Bricks-And-Clicks E-Markets,2025-01-04,Development,3,2,4,2,2,5,No,Low,Your able foreign first firm understand bad heart their.,Threat move month red meet past week.,No,Mention than president six sure second shoulder free yeah.
SURV0051,"Simpson, Powell and Taylor",Kent Green,2025-03-30,Solar System Design,Whiteboard Bricks-And-Clicks Content,2025-01-03,Design,4,5,3,1,3,5,No,Low,Future environmental beautiful lead vote situation material under read during cost everybody fast.,Sure image care name TV right range myself administration record poor activity return.,No,Myself set from cover west lose according for meet affect.
SURV0052,Jimenez-Rocha,Peter Cooper,2025-04-14,Solar System Design,Incentivize Back-End Web Services,2024-07-25,QA,3,4,2,2,3,5,No,Medium,Radio account sport card military force whatever list any road.,Keep onto nothing common send once him until.,Yes,Decision spend piece happen part region win animal.
SURV0053,"Ramirez, Singh and Burns",Mark Walker,2025-04-13,Solar System Design,Extend Bleeding-Edge E-Tailers,2024-10-07,Discovery,2,5,1,1,4,4,No,High,Tend language item sometimes offer across which thought.,Threat test than between week really area lose describe admit.,No,History tell fear despite rule source us cell school.
SURV0054,"Lopez, Elliott and Hughes",Greg Lynch,2025-04-01,Solar System Design,Target Turn-Key Supply-Chains,2024-12-06,Development,3,3,2,4,4,5,Yes,Medium,Cup least majority offer use population away.,Leave shoulder later why rather appear south ground create above music necessary agree.,No,Experience board measure music interesting bed night.
SURV0055,"Franklin, Stein and Morse",Sandra Perez,2025-04-15,Solar System Design,Deploy Back-End Technologies,2024-07-11,Live,3,2,5,2,4,3,No,Low,Sometimes student difficult investment drive bill generation music year detail page five officer.,Available skill give control energy officer rock.,No,Will among evidence computer cost behavior do.
SURV0056,"Cunningham, Jones and Rice",Ryan Morales,2025-05-01,Solar System Design,Whiteboard Magnetic Action-Items,2024-09-01,QA,2,2,3,5,1,2,Yes,Medium,Development education fall left friend side serve.,Study future senior agreement above majority play training truth understand thousand full rate cause.,Yes,Police foreign challenge really create.
SURV0057,Thompson-Booth,Stanley Underwood,2025-03-06,Solar System Design,Engage Compelling Architectures,2025-02-25,Discovery,4,3,4,5,5,2,No,Low,Line go with cost eight piece culture daughter hand southern.,How his human member may relate require whose word still produce attorney.,No,Item country security follow may require high hit reflect about.
SURV0058,Anderson Inc,Joseph Kirby,2025-05-13,Solar System Design,Monetize B2C Content,2025-01-01,Discovery,3,2,3,3,1,5,Yes,High,Significant fill tax affect four evening upon green range society.,Area whole fly page or beyond way lead institution forward blood.,Yes,Fire mouth of office chair look per.
SURV0059,Caldwell Ltd,John Medina,2025-05-22,Solar System Design,Envisioneer Wireless Synergies,2024-11-29,Discovery,3,4,5,1,1,4,No,Low,Vote size class account wide before war subject throw produce true.,Stop population street include manage add people ahead action student base water between change.,No,Argue campaign threat early social friend letter agree letter major.
SURV0060,Terry Ltd,Steven Donovan,2025-05-15,Solar System Design,Re-Intermediate Bricks-And-Clicks Synergies,2024-08-04,Development,2,4,4,3,4,1,Yes,Low,Not hear minute decide building health sometimes difficult recently result star.,Recognize return everybody compare friend rock woman piece work outside what face often letter.,No,Soon process administration cold final design sell adult.
SURV0061,"Griffin, Russell and Mullins",James Garrett,2025-05-19,Solar System Design,Unleash 24/365 Niches,2024-07-12,Design,5,5,5,3,4,4,No,Medium,Economic take population high water law although.,Garden plan well skin sit apply religious measure entire then man know.,No,Fall attack size beyond thing hold stop.
SURV0062,Baker Group,Christina Russo,2025-04-18,Solar System Design,Target Best-Of-Breed E-Business,2025-01-19,Development,3,5,5,1,5,4,No,High,Political ask treat too continue rich area be card.,Meet real as some play event seek bar behind plant real however challenge.,Yes,Girl whatever increase thank past away suffer matter draw.
SURV0063,Stevens-Wilson,Larry Graham,2025-05-29,Solar System Design,Mesh Viral Systems,2025-04-08,Live,4,4,1,4,5,5,No,High,Economic true how model expert commercial thing everything want wife unit the.,Full region forward effort economy radio wear method management story agent growth.,No,Physical pattern build religious staff guy different include.
SURV0064,Liu and Sons,Charles Shaw,2025-03-19,Solar System Design,Mesh Clicks-And-Mortar Niches,2024-12-23,QA,1,4,5,1,5,1,Yes,High,Production poor during we eight goal sometimes nor person idea need.,Near answer only around decade eat partner institution artist statement fish.,No,Receive ready everybody such arm.
SURV0065,Braun-Pineda,Patrick Brown,2025-05-14,Solar System Design,Repurpose Customized Infrastructures,2024-10-30,Design,4,3,4,2,2,2,Yes,Low,Customer position dream week local computer grow ground trip institution a.,Music sometimes possible country some billion civil material attention seem.,Yes,Important forget leg central environment rate now right.
SURV0066,Webster-Griffith,Kenneth Cunningham,2025-04-15,Solar System Design,Utilize Synergistic Experiences,2024-12-10,Development,4,2,4,4,5,4,No,Medium,Pick determine note suddenly pretty recognize child discuss.,Rest usually since series I tree thousand especially front reach mission can ability necessary.,Yes,Into office according support life.
SURV0067,Dudley PLC,Tara Morris,2025-03-22,Solar System Design,Deploy Vertical Applications,2024-07-02,Discovery,4,3,1,1,4,3,No,High,Consumer international where coach central how skin firm Republican stay.,Out day protect class adult matter truth and skin fine.,Yes,Enjoy try now commercial fear identify enjoy argue foot.
SURV0068,"Bowman, Welch and Smith",Zachary Buchanan,2025-04-17,Solar System Design,Morph End-To-End Platforms,2025-02-10,Discovery,2,1,4,5,4,5,No,Low,Minute budget inside table campaign hour growth feeling have the.,Risk seven stay Congress hit evening choice might.,Yes,Development many her size I them table study.
SURV0069,"Harrell, Johnston and Jones",Donna Smith,2025-05-04,Solar System Design,Engage Revolutionary Platforms,2025-02-26,Discovery,4,2,4,4,5,4,No,Medium,More down business lose score owner science personal other contain none.,Picture nature conference customer act site fire see kid.,Yes,Million trip or building wind gun show next lose treatment.
SURV0070,Smith Group,Scott Reyes,2025-03-28,Solar System Design,Mesh User-Centric Content,2025-05-01,Development,4,3,2,3,5,2,Yes,Medium,Push heart they third about area glass hair.,I son music music student place away save.,No,Cause poor believe feeling bad pressure dream.
SURV0071,Tucker-Mason,Samantha Wilson,2025-05-11,Solar System Design,Repurpose Bleeding-Edge Action-Items,2025-02-26,Development,1,5,1,5,4,1,Yes,Low,Book clear everybody production exactly politics nor piece market.,Nature idea answer group author tree population large senior young glass mean heart detail.,No,Hear its article item look job.
SURV0072,Hawkins-Green,Andrea Wolfe,2025-03-15,Solar System Design,Implement Seamless Web Services,2024-10-11,Design,1,1,2,4,4,3,Yes,High,Him off clearly animal since guess hotel which leg.,Direction PM billion theory year participant rate drug spring part condition mention to business.,Yes,Explain account artist message road rather learn sense.
SURV0073,Taylor Ltd,Jose Mitchell,2025-03-26,Solar System Design,Drive Bleeding-Edge Vortals,2025-02-01,Discovery,1,3,5,3,2,3,Yes,Medium,Drug history serious heavy face door name notice.,Above this stand radio maintain where garden exactly that hour blue know.,No,My produce possible nothing necessary than land character specific.
SURV0074,"Walker, Harrison and Alexander",Shawn Sanchez,2025-05-04,Solar System Design,Engineer Best-Of-Breed E-Services,2025-01-05,QA,5,5,3,3,2,1,Yes,Low,Professional consumer represent forget today argue join range assume.,Leg just entire my degree mention hair miss.,Yes,Look off short ago there group allow.
SURV0075,"Lee, Brooks and Miller",Joseph Duffy,2025-03-28,Solar System Design,Engage Virtual Models,2025-02-07,Design,4,4,3,4,1,2,No,Low,Can smile oil respond the perhaps tonight.,I similar run use fast hospital only.,Yes,Forward radio affect camera have campaign so few.
SURV0076,"Graves, Quinn and Harvey",Margaret Davis,2025-04-30,Solar System Design,Seize Magnetic Supply-Chains,2025-04-12,Design,4,2,2,3,5,1,No,Low,Relationship last friend station picture find field east.,History least current sell drop most production create.,Yes,Mouth political either investment fine.
SURV0077,"Fitzgerald, Mendoza and Mcbride",Dr. Leah Rivera DVM,2025-03-19,Solar System Design,Incentivize Real-Time Schemas,2024-12-18,Design,4,1,3,5,2,3,No,Low,Car bill by clear door everything paper seat work artist way water skill.,Improve call piece fund contain word explain site represent environmental.,No,Heart relate serious season change protect get tend analysis detail physical.
SURV0078,"Cortez, Moore and Morales",Catherine Lin,2025-05-22,Solar System Design,Unleash Scalable Web Services,2024-08-10,Live,5,1,5,2,1,1,Yes,High,Five work five indicate guess huge training for tough one region evening.,Six owner drug different choose follow go thing benefit life boy exist full popular.,Yes,Thing skill perform arrive difference follow seat consider.
SURV0079,Lee LLC,Christopher Lee,2025-03-13,Solar System Design,Productize Bricks-And-Clicks Architectures,2024-09-04,Live,2,4,5,5,5,3,Yes,High,Military marriage even significant in chance grow television management skill.,Economy stop free relate sell kid than rich hold there hit nice.,No,Great blue push attack mind energy produce strong.
SURV0080,"Ortiz, Weiss and White",Jeffrey Miranda,2025-03-26,Solar System Design,Harness Global Convergence,2024-12-09,Development,5,1,4,4,4,2,No,Medium,Toward white put modern attention pattern moment church.,Picture instead month fast since trip like story forward leave item.,Yes,Reduce per everyone play some avoid agent news age yet field.
SURV0081,Butler-Moody,Christopher Torres,2025-05-07,Solar System Design,Exploit Robust Relationships,2024-08-08,Discovery,1,5,2,4,5,4,Yes,Medium,Play information series event use factor effort center.,Light among goal scientist ask energy bit day himself arrive scientist brother interest.,No,Probably indicate arrive doctor brother analysis.
SURV0082,Wright Group,Michelle Smith,2025-03-21,Solar System Design,Empower Robust Markets,2024-06-14,QA,3,1,2,1,3,1,No,High,Interesting carry itself officer sound camera place girl hold kid manage her any.,City success fly edge off at under.,No,Choice receive quality born us fly either.
SURV0083,Long-Carroll,Elizabeth Lewis,2025-03-30,Solar System Design,Evolve E-Business Metrics,2024-07-27,QA,3,1,3,4,3,1,Yes,High,Media floor million store indeed question.,Dinner guess factor professor analysis still social ready.,Yes,Time score plan discuss contain good officer week your.
SURV0084,"Good, Lewis and Ross",Christopher Perez,2025-04-21,Solar System Design,Utilize Web-Enabled Interfaces,2025-02-21,Design,5,3,2,3,1,3,No,Medium,These per son record body hair interest later level increase kitchen stock.,Class apply end voice work young scientist dark operation offer personal particular degree soon.,No,Friend no those suggest anyone business I her still because sing.
SURV0085,Jordan-Aguilar,Jeffrey Davis,2025-04-24,Solar System Design,Scale Web-Enabled Channels,2024-10-03,Discovery,2,3,4,1,3,5,No,Low,Yard while nice reduce bit art task.,Subject police campaign administration indicate response baby beyond collection address.,Yes,Create answer man other hospital.
SURV0086,"Harris, White and Mercado",Ryan Lucas,2025-03-19,Solar System Design,Target Dot-Com E-Services,2024-09-11,QA,4,4,1,3,4,2,No,Medium,Develop bag letter in add quite interesting fight.,Respond already always art huge red when month education party cold network course increase us.,Yes,Guess interesting everyone gun few because great.
SURV0087,Taylor Inc,Edwin Mccoy,2025-05-02,Solar System Design,Architect Distributed Initiatives,2024-06-06,Design,2,2,1,3,1,1,Yes,Medium,Including new blood near capital spring task receive size face difficult capital.,Director long foreign become majority although data.,Yes,Feel well vote option must.
SURV0088,"Young, Johnson and Davis",Jessica Beard,2025-04-16,Solar System Design,Brand Cutting-Edge Supply-Chains,2024-08-03,QA,1,5,5,5,4,2,No,High,Another scientist under message leg cost possible.,Example feel statement nearly player school final capital unit even finally radio allow production him.,No,Road recent shake land since image discover music care open.
SURV0089,"Simmons, Hoover and Pena",Joshua Hayes,2025-04-26,Solar System Design,Aggregate Intuitive Action-Items,2024-06-29,Design,4,5,5,3,5,2,No,Medium,Nearly environmental parent institution occur join mother matter significant hotel nearly stock.,Operation fear throughout certainly first step majority capital so consider condition.,Yes,Sister PM often end last population many job.
SURV0090,"Gillespie, Miller and Fernandez",Kelly Baker,2025-04-22,Solar System Design,Deploy Viral Platforms,2024-09-05,Design,2,2,2,4,3,1,No,High,Response identify guy determine official foot movie large.,Executive child structure speak nice husband marriage happen.,Yes,All discussion help watch safe with you minute professional design.
SURV0091,"Long, Perry and Edwards",Joseph Savage,2025-05-03,Solar System Design,Empower Turn-Key Users,2024-12-30,Design,5,4,5,3,4,3,No,Low,Without rich share significant movie pull product protect.,Back raise produce issue beat anyone common interview teacher case free Republican section husband win.,Yes,First grow south guess pretty cell treat they unit myself national.
SURV0092,Bradley PLC,Megan Butler,2025-04-18,Solar System Design,Maximize Granular E-Tailers,2025-02-14,Design,4,4,1,3,1,2,Yes,Low,Western responsibility produce bill stand prepare range goal food mention debate.,Lose still make light know never place recognize image style partner lose per.,No,Former once fire rather.
SURV0093,"Lucas, Lopez and Jenkins",Seth Sweeney,2025-03-29,Solar System Design,Innovate Web-Enabled Info-Mediaries,2024-12-24,QA,2,2,5,4,3,2,No,Medium,Indicate employee cultural side war other can hear figure it drop.,Not job term economy wear physical glass arm response cost rule item pay.,No,Five total course politics through or.
SURV0094,Rosales and Sons,Michael Thomas,2025-03-30,Solar System Design,Matrix Scalable Web Services,2025-03-12,Development,1,2,2,5,2,4,No,Low,Building street baby why change stage through fact role.,Chair set response full sister memory rich ask table better month pressure medical move maintain tough.,Yes,Fund few true debate executive clearly baby himself follow area.
SURV0095,Sanchez Inc,Amanda Leblanc,2025-05-16,Solar System Design,Seize Cutting-Edge Solutions,2024-10-12,QA,2,2,1,2,5,3,No,High,Imagine close huge approach walk nothing threat however one song financial.,Do spring small data class discussion future.,Yes,Build loss candidate former form.
SURV0096,"Burch, Harris and Whitaker",Cheryl Carney,2025-05-16,Solar System Design,Expedite World-Class Users,2025-03-22,Development,1,5,4,1,2,1,No,Low,Teach whose less religious against store accept learn never well.,Couple appear budget debate face ask call type save.,Yes,Lead mouth public factor director.
SURV0097,"Anderson, Murphy and Bates",Katherine Garcia,2025-04-08,Solar System Design,Architect Magnetic Channels,2025-02-25,Discovery,5,1,1,3,3,4,No,Medium,Responsibility son control heavy over back law control right rest all.,Remain federal southern answer strategy another quite toward believe believe by staff his eight.,No,Former page kitchen though game establish pretty.
SURV0098,Garcia PLC,Samuel Smith,2025-05-29,Solar System Design,Revolutionize Rich E-Services,2025-02-25,Live,2,2,5,3,1,3,Yes,Low,Listen rate pass store simply also meeting buy total young.,Movie answer page design fact effect word country TV over cell effect investment.,Yes,Education business use father sort leg throughout.
SURV0099,Bush-Morris,Mark Morris,2025-05-08,Solar System Design,Monetize End-To-End Paradigms,2024-10-30,Live,3,4,3,3,1,4,No,High,She while north laugh tend continue.,General start page raise his along either guy require full event resource skill lose.,No,Particularly drive music certainly south movement lot knowledge care.
SURV0100,Wilkinson and Sons,Jamie Jones,2025-05-17,Solar System Design,Scale Collaborative Niches,2025-03-24,Development,3,1,1,5,4,4,Yes,High,Something enter return evening cultural administration notice represent debate ago for clear field.,Seven indicate pull big camera head attorney cup white miss evidence.,Yes,Hospital available establish station say standard game base animal.
